Siedlungen/Städte (bekannt);Heutige Bezeichnung, wenn abweichend;wikidata-keys;Flora;Suppl.;notes
Aken;;wd:Q417336;x;x;
Barbium;;wd:Q530185 ;x;;Q31903450, keys identisch! verknüpfen!
Bazez;Patzetz ;wd:Q34342631;x;x;
Breitenhagen;;wd:Q699151;x;x;
Bromby;Brumby;wd:Q992421;x;x;
Calbe;;wd:Q688266;x;;
Cyprena;;wd:Q138206407;x;x;
Deez;;wd:Q604226;;x;
Doeben;;wd:Q1270887;x;;
Dornburg;;wd:Q1245637;x;x;
Döben;;wd:Q1270887;x;x;
Eikendorf;;wd:Q704419;x;;
Felgeleben;;wd:Q102005292;x;;
Flöz;;wd:Q138293501;x;x;
Friederikenberg;;wd:Q27479030;x;x;
Fro?e;;wd:Q92609888;;x;
Gelinde;;wd:Q689529;x;x;
Gnadau;;wd:Q688045;x;x;
Gommern;;wd:Q32036528;x;x;
Grossro?enburg;;wd:Q177585;x;;
Groß-[Rosenburg];;wd:Q177585;x;;
Großro?enburg;;wd:Q177585;x;;
Grünberg;;wd:Q138203224 ;x;;
Grünewald€;;wd:Q1552202;;x;
Gödniz;;wd:Q688662;x;x;
Jüterglück;;wd:Q688254;x;x;
Klein-;;wd:Q1746255;x;x;
Kleinmühlingen;;wd:Q707261;x;;
Kleinro?enburg;;wd:Q1746255;x;x;
Kre??au;Kressow;wd:Q1788017;;x;
Lederiz;Lödderitz;wd:Q702102;;x;
Lindau;;wd:Q697959;x;x;
Nedlitz;;wd:Q689566;;x;
neuen Krug€;;wd:Q141623997;;x;
Nuthe;Nutha;wd:Q690013;x;;Dorf
Nödliz;Nedlitz;wd:Q689566;x;;
Pretzien;;wd:Q705030;x;;
Prezien;;wd:Q705030;x;x;
Polen?ko;;wd:Q688591;;x;
Pömelte;;wd:Q695632;x;;
Ranies;;wd:Q617613;x;x;
Reez;;wd:Q107389520;;x;
Reezer Hütten;;wd:Q107406585;;x;
Reuden;;wd:Q688761;;x;
Sach?endorf;;wd:Q697649;x;x;
Salze;;wd:Q798763;x;x;
Schönebeck;;wd:Q16020;;x;
Staßfurt;;wd:Q525409;x;;hier key für die Gemeinde Staßfurt, weil es keinen für die Stadt gab
Ste(c)kby;;wd:Q130270700;x;x;
Steuz;;wd:Q687713;x;;
Tochheim;;wd:Q130243991;x;x;
Torniz;;wd:Q699197;x;;
Walternienburg;;wd:Q688288;x;x;
Werkleiz;;wd:Q136918327;x;;
We?pen;;wd:Q688266;x;x;
We?terhu?en;Westerhüsen;wd:Q979278;;x;
Wie?enburg;;wd:Q623510;x;x;
Winningen;;wd:Q826870;x;;
Vorwerg Rajock;Rajoch;wahrscheinlich wd:Q110235644;;x;
Zeitz [sic!];;wd:Q102004912;;x;
Zeiz;;wd:Q102004912;x;x;
Zens;;wd:Q189815;x;;
Zerb?t;;wd:Q155981;x;x;
Zachmünden;Zackmünden;wd:Q139966;x;x;
Zipsdorf;;wd:Q29653674;;x;
;;;;;
;;;;;
;;;;;
Siedlungen/Städte (unbekannt);;;;;
Badez;;;x;x;
Burg;;;x;;
Gehren;;;x;x;
Glien;;;x;;
Kleinlüps;;;x;;
Klo?ter Liezke;;;;x;
Klo?ter Lüt?chen;;;x;;ist Kloster Lütschen (Lietzke) ?
Weinsdorf;;;;x;
Wölbke;Wülpke;;x;;
;;;;;
Orte (bekannt);;wikidata-keys;;;
Burgfelde;;wd:Q141624113;;x;
Butterdamme;;wd:Q102105784;x;;
Colphus;;wd:Q102004668;x;x;
Friedrichsholz(e);;wd:Q32018582;x;x;
Gnez;;wd:Q138135858;x;x;
gro??en Weidenallee;;wd:Q27780047;x;;
Gurgel;;wd:Q138291720;x;x;Beschreibung in wd unklar
Hinterlu(c)ke;;wd:Q141624178;x;x;
kleinen Weidenallee;;wd:Q102004789;x;;
Kuhwerder;;wd:Q138011875;x;x;
Lindenallee;;wd:Q102004789;x;x;
Monplai?ir;;wd:Q102004825;x;x;
Poleymühle;;wd:Q139280289;x;x;
Pyramiden;;wd:Q27780047;;x;im Schloss Barby
Saalhorn;;wd:Q102004858;x;x;
Schloßgarten/Schloßgartens/Schloßgartenmauer;;wd:Q27780047;x;x;
Schloßgraben;;wd:Q27780047;x;;
Schloße;;wd:Q27780047;;x;
Schloßhofe;;wd:Q27780047;x;x;
Schloßthore;;wd:Q27780047;x;;
Weidenallee;;wd:Q102004789;x;x;
Zeizer Bu?ch(e);;wd:Q138012027 ;x;x;
Vorderlu(c)ke;;wd:Q141624289;x;x;
;;;;;
;;;;;
;;;;;
;;;;;
Orte (unbekannt);;wikidata-keys;;;
Altan;;;x;x;
alten Burg;;;x;;
alten Schanze;;;x;;bei Zeiz
am Graben;;;x;;
Amthau?e;;;x;;
Anger;;;x;x;Hier muss auf die jeweilige Beschreibung geachtet werden, es gibt mehrere Anger: ..an der Elbe, ..am Zeitzer Busche, ..gegen Monplaisir, bei Döben auf dem A., bei der kleinen Weidenalle am A. hin, A. hinter der Gurgel, hinter den Baraken gegen den A., hinter dem Gnez auf dem Anger, A. gegen Colphus, zwischen dem Damme und Monplaisir, A bey der großen Weidenallee
Bara(c)ken;;;x;x;
Belziger Bu?che;;;x;;
Birkenbu?che;;;x;;
Bleich?chenke;;;x;;
Bö?ener Mark;;;x;x;
botani?chen Garten;;;x;;
Brands Heide/Brands-Heide;;;x;x;bei Wiesenburg
Brückthor;;;x;;
Burgwalde;;;x;x;
Elbdamme;;;x;x;
Elbfähre;;;x;x;
Elbhafen;;;x;;Heute Wasser- und Schiffahrtsamt Magdeburg?
Elbwerder;;;x;x;
Erbpachtes;;;;x;
Fähre;;;x;;
Fährhaus;;;;;ungeklärt, https://kartenforum.slub-dresden.de/?b=slub-osm&be=-86.35960&c=11.87313,52.02369&map_id=oai%3Ade%3Aslub-dresden%3Avk%3Aid-10009038&p=18.62738&v=0&z=15.64382
Felddamme;;;x;;
Fi?cherhäu?er(n);;;x;;
Fi?chlöcher;;;;x;
Friedrichswerder;;;x;x;
Für?tenhaus;;;x;;
Für?tenhau?e;;;x;;
Fuß?teig(e);;;;x;
Ga?thofe;;;x;;
Gemeinhau?e;;;;x;
Gemeinwie?en;;;;x;
Geth?emane;;;x;;Friedhof, welcher?
Gnadauer Windmühle;;;x;;
Gradirwerke(n);;;x;;"""bey Salze"""
Hähni?chen Wie?e;;;x;;
Herzogsgarten;;;x;;
Hofe des Seminarii;;;x;;
hohen Brücke;;;x;x;
Ho?pital;;;;x;
Jägerhau?e;;;;x;
Lietzker Bu?che;;;x;;
Lietzker Holze;;;x;;
Mühlingen;;;x;x;
Mühlinger Berg(e);;;x;x;
Mukrener Berge;;;x;x;
Paradi?e;;;x;x;„H. an der Stadtmauer im Paradi?e“ -> muss also nahe Siedlung sein
Pfing?twie?e;;;x;;"""bey Gnadau"""
Pretziener Feldern;;;x;;
Pröbs?ümpfen;;;x;x;"""auf dem Damme von den Pröbssümpfen gegen Gelinde"""
Reithau?e;;;;x;
Saaldamme;;;x;;
Saalfähre;;;x;;
Salinarum Salzen?ium, ?alinas Salzen?es;;;x;;bei Döben
Sandbank;;;;x;
Schanze;;;x;;
Schenkenloch;;;;x;
Schifmühlen;;;x;x;
Schloßgraben;;;x;;
Schlo??e;;;x;x;
Schlo??es;;;x;;
Stadtgraben;;;x;;
Stadtmauer;;;x;x;
Stadtthore;;;x;;
Steinbuhne;;;x;;
?auren Ziez;;;x;;
?teilen Elbufer;;;x;;
Teufelslöcher(n);;;;x;"""zwi?chen Breitenhagen und Aken"""
Thierberge;;;x;;
treugen Bu?ch(e);;;x;x;
Trizer Bu?che;;;x;x;
Vorderluke;;;;;
Weinberg(e);;;x;x;
Wel?ike;;;;x;
Windmühle(n);;;x;x;
Zerb?ter Straße;;;;x;mehrere möglich
Zerb?ti?chen Bu?che;;;;x;
;;;;;
;;;;;
;;;;;
;;;;;
Flüsse;;;;;
Elbe/Albim;;wd:Q1644;x;x;auf der Arbeitsliste.. ergänzen?
Nuthe(n);;wd:Q884667;x;x;
Saale/Salam;;wd:1678;x;x;
